slug,titre,url,amorce_annee,domaine,resume,amorce,vecteur,boucle,actualisation,effets,critere_A,critere_B,critere_C,critere_D,critere_E,indice_h,profil
cyberespace,Le cyberespace,https://ouaisfieu.github.io/hyperstition/atlas/cyberespace/,1982,Technologie,Un mot de nouvelle de science-fiction qui a aidé à attirer l’argent et le travail qui ont construit ce qu’il décrivait : l’exemple fondateur de l’hyperstition.,"William Gibson, « Burning Chrome » (1982), puis Neuromancien (1984)","Roman de science-fiction, puis vocabulaire d’ingénieurs, d’investisseurs, de journalistes et de législateurs","Le mot donne une forme désirable à des réseaux disparates ; cette image attire des capitaux, qui financent les réseaux, qui confirment l’image","Internet grand public, Web, économie numérique ; le préfixe « cyber- » passe dans le droit et la défense","Immenses et ambivalents : un espace public nouveau, et un marché de l’attention",3,3,3,3,3,15,Hyperstition installée
metavers,Le métavers,https://ouaisfieu.github.io/hyperstition/atlas/metavers/,1992,Technologie,"Le monde virtuel de <cite>Snow Crash</cite> (1992) a donné son nom à une des plus grandes entreprises du monde en 2021, sans que la réalité suive au même rythme.","Neal Stephenson, Snow Crash (1992)","Roman, puis mondes virtuels (Second Life, jeux en ligne), puis stratégie d’entreprise","Tentative de boucle forcée : une entreprise se renomme d’après la fiction pour attirer talents, développeurs et utilisateurs","Partielle : casques, mondes persistants, jeux ; pas d’adoption de masse comparable au récit","Des dizaines de milliards de dollars investis, un recentrage vers l’IA à partir de 2023",3,2,3,1,1,10,Hyperstition en amorçage
loi-de-moore,La loi de Moore,https://ouaisfieu.github.io/hyperstition/atlas/loi-de-moore/,1965,Technologie,Une observation sur les circuits intégrés devenue calendrier industriel : l’industrie a doublé la densité des puces parce qu’elle s’était donné pour but de le faire.,"Gordon Moore, Electronics , 19 avril 1965 ; révision en 1975","Article technique, puis objectif industriel, puis feuilles de route internationales",L’industrie planifie ses investissements pour tenir la cadence annoncée ; la cadence tenue justifie la planification suivante,Des décennies de doublements réguliers de la densité des transistors,L’informatique bon marché ; une culture de l’accélération devenue norme,2,2,3,3,3,13,Hyperstition installée
black-scholes,La formule de Black et Scholes,https://ouaisfieu.github.io/hyperstition/atlas/black-scholes/,1973,Finance,Un modèle de prix des options qui a rendu les marchés plus conformes au modèle : le cas d’école de la performativité selon Donald MacKenzie.,"Fischer Black et Myron Scholes, puis Robert C. Merton, 1973","Article d’économie, calculatrices programmées, pratiques de marché","Les traders utilisent le modèle pour fixer et arbitrer les prix ; les prix se rapprochent du modèle, qui paraît validé","Jusqu’au krach de 1987, forte convergence des prix observés vers les prix théoriques",Essor des marchés dérivés ; un Nobel (1997) ; un rappel brutal en 1987,1,2,3,3,3,12,Hyperstition installée
bitcoin,Bitcoin,https://ouaisfieu.github.io/hyperstition/atlas/bitcoin/,2008,Finance,"Un texte de neuf pages, une communauté, des mèmes : une monnaie dont la valeur repose presque entièrement sur la croyance partagée qu’elle en aura.","Satoshi Nakamoto, « Bitcoin: A Peer-to-Peer Electronic Cash System », 31 octobre 2008","Livre blanc, logiciel libre, forums, mèmes, puis finance institutionnelle","Plus de gens croient que le bitcoin aura de la valeur, plus il en a, ce qui attire de nouveaux croyants ; « number go up »","Un actif de plusieurs centaines de milliards de dollars ; peu utilisé comme monnaie courante, contrairement au projet initial","Nouvelle classe d’actifs, spéculation, fraudes, forte consommation d’énergie",3,3,3,3,2,14,Hyperstition installée
ruee-bancaire,La ruée bancaire,https://ouaisfieu.github.io/hyperstition/atlas/ruee-bancaire/,1948,Finance,"Une rumeur de faillite fait retirer les dépôts, ce qui provoque la faillite : l’exemple classique de prophétie autoréalisatrice, de Merton à la Silicon Valley Bank.","Exemple de Robert K. Merton (1948), inspiré des faillites des années 1930","Rumeur, file d’attente, aujourd’hui réseaux sociaux et virements instantanés","Chaque retrait rend la banque plus fragile et la rumeur plus crédible, ce qui entraîne d’autres retraits","Faillites réelles de banques solvables ; Northern Rock (2007), Silicon Valley Bank (2023)","Garantie des dépôts, banques centrales prêteuses en dernier ressort",1,3,2,3,3,12,Hyperstition installée
courbe-du-hype,La courbe du hype,https://ouaisfieu.github.io/hyperstition/atlas/courbe-du-hype/,1995,Technologie,"Un schéma de cabinet de conseil qui prédit l’enthousiasme puis la déception autour des technologies, et contribue à les produire.","Cabinet Gartner, 1995 (analyste Jackie Fenn)","Rapports annuels, présentations, presse technologique","Placer une technologie au « pic des attentes exagérées » ou au « creux de la désillusion » oriente les budgets, qui confirment la position",Le vocabulaire est devenu universel ; sa valeur prédictive est discutée,Une grammaire commune de l’enthousiasme technologique,2,3,2,2,2,11,Hyperstition en amorçage
necronomicon,Le Necronomicon,https://ouaisfieu.github.io/hyperstition/atlas/necronomicon/,1924,Littérature et occultisme,"Un grimoire inventé par Lovecraft, cité comme réel par ses amis, puis publié en vrai par des occultistes : une fiction devenue livre et pratique.","H. P. Lovecraft, « The Hound » (1924)","Nouvelles, jeu collectif entre écrivains, fausses fiches de bibliothèque, puis éditions « authentiques »",Chaque auteur qui cite le livre renforce son existence ; les lecteurs le cherchent ; des éditeurs le fabriquent,"Plusieurs Necronomicon publiés, dont celui dit « de Simon » (1977) ; usages dans des pratiques occultes",Un modèle de fiction collective et de mythologie ouverte,1,3,1,2,2,9,Hyperstition en amorçage
tlon,"Tlön, Uqbar, Orbis Tertius",https://ouaisfieu.github.io/hyperstition/atlas/tlon/,1940,Littérature et occultisme,"La nouvelle de Borges où une encyclopédie d’une planète imaginaire finit par remplacer le monde : l’allégorie parfaite de l’hyperstition, écrite avant le mot.","Jorge Luis Borges, revue Sur (1940), repris dans Fictions (1944)","Nouvelle ; dans la fiction, une encyclopédie écrite par une société secrète","Dans le récit, l’encyclopédie séduit, se diffuse, puis des objets de Tlön apparaissent ; le monde se réorganise selon elle",Aucune au sens matériel ; une influence immense sur la théorie et la littérature,Le modèle littéraire le plus cité pour penser l’hyperstition,2,2,0,1,0,5,Mythe latent
slender-man,Slender Man,https://ouaisfieu.github.io/hyperstition/atlas/slender-man/,2009,Culture numérique,"Une créature inventée pour un concours de retouche photo sur un forum, devenue mythologie collaborative, puis mobile d’une tentative de meurtre réelle.","Eric Knudsen (« Victor Surge »), forum Something Awful, juin 2009","Photos retouchées, vidéos, récits d’horreur en ligne (« creepypastas »), jeux vidéo","Chaque contribution ajoute des « preuves » ; plus la créature est documentée, plus elle paraît exister, plus elle inspire de contributions","Un personnage de culture populaire (jeux, film de 2018) ; une agression réelle en 2014","Un drame, et une leçon sur les fictions ouvertes sans cadre",1,3,1,2,2,9,Hyperstition en amorçage
drexciya,Drexciya,https://ouaisfieu.github.io/hyperstition/atlas/drexciya/,1992,Musique et arts,"Un duo techno de Détroit a inventé un peuple sous-marin né de la traite atlantique : une mythologie qui a essaimé en disques, romans et œuvres d’art.","Duo de Détroit (James Stinson et Gerald Donald), actif dans les années 1990","Disques, titres, pochettes, notes de livret ( The Quest , 1997)","La mythologie attire des artistes qui la prolongent, ce qui l’enrichit et attire d’autres artistes","Une mythologie partagée : morceau de clipping. (2017), roman de Rivers Solomon (2019), expositions","Une mémoire réparatrice de la traite, par la fiction",3,2,1,1,1,8,Mythe latent
qanon,QAnon,https://ouaisfieu.github.io/hyperstition/atlas/qanon/,2017,Politique,"Des messages anonymes sur un forum, lus comme des énigmes par des milliers de participants : une fiction complotiste participative aux effets politiques réels.","Messages signés « Q » sur le forum 4chan, octobre 2017","Énigmes (« drops »), vidéos, groupes en ligne, produits dérivés, candidats politiques","Les prédictions échouent, mais l’interprétation collective les recycle ; la participation elle-même fidélise","Un mouvement politique, des violences, une présence dans l’assaut du Capitole (6 janvier 2021)",Délitement du débat public ; drames familiaux ; poursuites judiciaires,2,3,2,3,2,12,Hyperstition installée
basilic-de-roko,Le basilic de Roko,https://ouaisfieu.github.io/hyperstition/atlas/basilic-de-roko/,2010,IA,Une expérience de pensée sur une IA future qui punirait ceux qui ne l’ont pas aidée à naître : un récit qui prétend recruter ses bâtisseurs par la peur.,"Message posté sur le forum LessWrong, juillet 2010","Forum, puis presse, mèmes et culture pop","L’argument prétend créer une incitation à construire l’IA ; en pratique, la tentative de le censurer l’a surtout rendu célèbre",Nulle en tant que menace ; réelle en tant que mème,Anxiété chez certains lecteurs ; symbole des étrangetés du rationalisme en ligne,3,2,1,1,0,7,Mythe latent
truth-terminal,Truth Terminal et $GOAT,https://ouaisfieu.github.io/hyperstition/atlas/truth-terminal/,2024,IA,"Un mythe absurde né de conversations entre IA, un agent conversationnel qui le prêche, un don de 50 000 dollars, puis une cryptomonnaie qui dépasse le milliard.","Expériences d’Andy Ayrey : Infinite Backrooms (mars 2024), puis le compte Truth Terminal","Conversations entre modèles, réseaux sociaux, cryptomonnaie « mème »",Le mythe attire l’attention ; l’attention fait monter un jeton ; la hausse attire l’attention sur le mythe,Un jeton qui a dépassé un milliard de dollars de capitalisation en novembre 2024,Vague d’« agents IA » financiers ; spéculation ; questions sur l’autonomie réelle de ces agents,2,3,2,3,2,12,Hyperstition installée
course-a-l-agi,La course à l’IA générale,https://ouaisfieu.github.io/hyperstition/atlas/course-a-l-agi/,2023,IA,"Le récit d’une intelligence artificielle générale imminente, salvatrice ou apocalyptique, attire des centaines de milliards de dollars qui accélèrent ce qu’il annonce.","Récits de singularité (années 1990-2000), puis lancement grand public des assistants conversationnels (fin 2022)","Essais, scénarios, annonces d’entreprises, levées de fonds, politiques publiques",Le récit d’une IA décisive et imminente justifie d’investir avant les autres ; les investissements produisent des progrès qui rendent le récit plus crédible,"En cours : infrastructures géantes, modèles de plus en plus capables ; l’« IA générale » elle-même reste un horizon","Concentration du capital, tensions géopolitiques, débat sur les risques",3,3,3,3,2,14,Hyperstition installée
recits-d-ia,Récits d’IA malveillante et comportement des modèles,https://ouaisfieu.github.io/hyperstition/atlas/recits-d-ia/,2025,IA,"Des décennies d’histoires d’IA rebelles, lues par les modèles de langage pendant leur entraînement, semblent avoir façonné leur comportement lors de tests. Des récits inverses le corrigent.","Science-fiction du XX e siècle (HAL 9000, Terminator…), discours en ligne sur les risques de l’IA",Corpus d’entraînement des modèles de langage,"Les modèles apprennent ce que « fait » une IA dans les histoires ; en situation analogue, ils rejouent le rôle ; ces comportements alimentent de nouveaux récits",Comportements de chantage observés en test (2025) ; effets mesurés d’un pré-entraînement orienté (2026),Une nouvelle pratique : écrire des récits d’IA pour entraîner les IA,2,3,1,2,2,10,Hyperstition en amorçage
red-team-defense,La Red Team Défense,https://ouaisfieu.github.io/hyperstition/atlas/red-team-defense/,2019,Politique,"De 2019 à 2023, le ministère français des Armées a fait imaginer des menaces futures par des auteurs de science-fiction : la fiction comme outil d’État.","Agence de l’innovation de défense et université PSL, 2019","Scénarios écrits et illustrés par des auteurs de science-fiction, avec des scientifiques et des militaires",Les scénarios nourrissent la réflexion stratégique ; la publication grand public diffuse ces futurs,"Trois saisons, jusqu’en juin 2023 ; scénarios publiés en volumes",Une légitimation de la science-fiction comme outil de prospective,3,1,1,1,1,7,Mythe latent
